120827,"Wednesday",20154500000,1,"SERVICE DELI",8001
155907,"Tuesday",4400000457,1,"DSD GROCERY",3621
18240,"Sunday",7640602150,3,"DSD GROCERY",4652
38457,"Thursday",1500007308,1,"INFANT CONSUMABLE HARDLINES",3192
83718,"Thursday",4650074543,-1,"HOUSEHOLD CHEMICALS/SUPP",8599
87628,"Friday",1018114189,1,"BEAUTY",4020
54955,"Saturday",4046,-1,"PRODUCE",5620
18274,"Sunday",22012200000,2,"MEAT - FRESH & FROZEN",6042
139341,"Saturday",3338366602,1,"PRODUCE",7700
108787,"Monday",7874207203,1,"DSD GROCERY",3502
7509,"Saturday",7874203843,1,"GROCERY DRY GOODS",3901
190009,"Sunday",1600044501,1,"GROCERY DRY GOODS",3600
141776,"Saturday",4067,1,"PRODUCE",8002
35441,"Wednesday",4011,1,"PRODUCE",5501
111967,"Monday",75752800879,1,"IMPULSE MERCHANDISE",808
126835,"Thursday",9955501777,1,"GROCERY DRY GOODS",3309
144538,"Sunday",4011,1,"PRODUCE",5501
1601,"Friday",2791702413,1,"PHARMACY OTC",603
10686,"Saturday",7874202011,1,"HOUSEHOLD PAPER GOODS",266
58608,"Sunday",7566935002,3,"GROCERY DRY GOODS",4291
47482,"Friday",88842420760,1,"MENSWEAR",2553
99842,"Sunday",9149299046,1,"HOME MANAGEMENT",8154
185562,"Sunday",1254744019,1,"PERSONAL CARE",605
142829,"Saturday",7314918518,1,"HOME MANAGEMENT",6600
178099,"Saturday",7366408020,1,"BAKERY",4013
58674,"Sunday",4159,1,"PRODUCE",4038
54863,"Saturday",2840042073,1,"IMPULSE MERCHANDISE",808
106733,"Monday",88462348619,1,"GROCERY DRY GOODS",3601
88416,"Friday",7874209357,1,"PHARMACY OTC",3516
113537,"Tuesday",3980001819,1,"IMPULSE MERCHANDISE",770
81867,"Thursday",4300026902,1,"GROCERY DRY GOODS",30
46630,"Friday",68113109906,1,"INFANT CONSUMABLE HARDLINES",9014
56516,"Sunday",84470202300,1,"ELECTRONICS",6532
28930,"Tuesday",7225003706,1,"COMM BREAD",3702
191073,"Sunday",7432309119,1,"COMM BREAD",3724
9377,"Saturday",64541698771,2,"CELEBRATION",1805
48783,"Friday",5233633145,1,"PERSONAL CARE",5230
51523,"Saturday",20152800000,1,"MEAT - FRESH & FROZEN",6535
152010,"Monday",88496807166,1,"LADIESWEAR",267
42559,"Thursday",72136600323,1,"HOME DECOR",5926
6469,"Saturday",7004820080,1,"LAWN AND GARDEN",339
172052,"Friday",2840007848,1,"IMPULSE MERCHANDISE",807
175498,"Friday",60538887953,1,"FINANCIAL SERVICES",285
33762,"Wednesday",7737911771,1,"BEAUTY",2230
113421,"Tuesday",3940001603,1,"GROCERY DRY GOODS",2828
44750,"Friday",3400013003,1,"CANDY, TOBACCO, COOKIES",224
28949,"Tuesday",7874243026,1,"FROZEN FOODS",1801
184115,"Saturday",7874235188,1,"DAIRY",1508
125392,"Thursday",4155429417,1,"BEAUTY",2255
99040,"Saturday",2310085339,1,"PETS AND SUPPLIES",817
35241,"Wednesday",4011,1,"PRODUCE",5501
67645,"Monday",1820008989,1,"LIQUOR,WINE,BEER",102
61727,"Sunday",88844735124,1,"GIRLS WEAR, 4-6X  AND 7-14",3457
152669,"Monday",61126954601,1,"DSD GROCERY",3467
170177,"Thursday",3100927899,3,"COOK AND DINE",900
185925,"Sunday",7874204834,1,"HOUSEHOLD PAPER GOODS",240
52204,"Saturday",4601346068,1,"HARDWARE",9803
62496,"Sunday",3825775632,1,"MENSWEAR",8163
130182,"Thursday",4030,1,"PRODUCE",5751
10160,"Saturday",71575610003,1,"PRODUCE",3507
17812,"Sunday",4900005469,1,"DSD GROCERY",4610
111266,"Monday",3100067000,1,"FROZEN FOODS",6504
190494,"Sunday",2820000974,1,"CANDY, TOBACCO, COOKIES",8031
107894,"Monday",7874207180,1,"PRE PACKED DELI",7550
59671,"Sunday",8511845817,1,"INFANT APPAREL",7007
134951,"Friday",3797700403,1,"INFANT CONSUMABLE HARDLINES",2015
183715,"Saturday",3800012280,1,"GROCERY DRY GOODS",3555
165064,"Wednesday",25127200000,1,"SEAFOOD",1031
55848,"Saturday",1305149585,2,"CELEBRATION",70
10565,"Saturday",60538812090,1,"PHARMACY OTC",3533
54330,"Saturday",7314906278,1,"HOME MANAGEMENT",4206
39290,"Thursday",3320000073,1,"HOUSEHOLD CHEMICALS/SUPP",745
29496,"Tuesday",1291418540,1,"INFANT CONSUMABLE HARDLINES",2118
25745,"Monday",4900000977,1,"DSD GROCERY",9211
183593,"Saturday",4065,1,"PRODUCE",8101
182671,"Saturday",2594713807,1,"HOME MANAGEMENT",5416
144994,"Sunday",2570000381,1,"HOUSEHOLD PAPER GOODS",6010
122042,"Wednesday",880634546658,1,"SLEEPWEAR/FOUNDATIONS",7311
136547,"Friday",2430086571,1,"COMM BREAD",2286
43494,"Friday",30997741571,1,"BEAUTY",2195
41683,"Thursday",7418226988,1,"PERSONAL CARE",4946
63607,"Monday",2100061531,1,"GROCERY DRY GOODS",4601
4092,"Friday",65356928981,1,"TOYS",8007
15011,"Sunday",2370001480,2,"FROZEN FOODS",4061
15233,"Sunday",30187501202,1,"BEAUTY",4603
166767,"Wednesday",1111126270,1,"PERSONAL CARE",3163
3934,"Friday",3700084930,1,"HOUSEHOLD CHEMICALS/SUPP",505
153671,"Monday",2100061526,1,"DAIRY",7958
79361,"Wednesday",7874208275,1,"GROCERY DRY GOODS",2901
65971,"Monday",7278281824,1,"OFFICE SUPPLIES",5005
86982,"Friday",896110116645,1,"MENSWEAR",2712
102418,"Sunday",75116620612,1,"HOUSEHOLD CHEMICALS/SUPP",9140
13293,"Sunday",4167993166,1,"PHARMACY OTC",406
173131,"Friday",3700081114,1,"HOUSEHOLD CHEMICALS/SUPP",8915
31357,"Tuesday",3087811012,1,"SPORTING GOODS",5212
77197,"Wednesday",7874235202,1,"DAIRY",1515
36443,"Wednesday",4155452944,1,"BEAUTY",2235
104161,"Sunday",88694418447,1,"BRAS & SHAPEWEAR",2797
88313,"Friday",1410008543,1,"COMM BREAD",3736
116717,"Tuesday",4900000044,1,"DSD GROCERY",9546
158834,"Tuesday",2260064214,1,"PHARMACY OTC",4502
173265,"Friday",3600037373,2,"HOUSEHOLD PAPER GOODS",2050
131130,"Friday",1500007004,1,"INFANT CONSUMABLE HARDLINES",3156
151506,"Monday",4087,1,"PRODUCE",7803
15852,"Sunday",74677516530,1,"TOYS",1504
177217,"Friday",7160300122,1,"BEAUTY",3502
101813,"Sunday",3444194407,1,"COOK AND DINE",90
43902,"Friday",1330245285,2,"LAWN AND GARDEN",2571
163957,"Wednesday",4175600300,1,"GROCERY DRY GOODS",3254
183543,"Saturday",4400003442,1,"DSD GROCERY",3717
39545,"Thursday",2900000822,1,"DAIRY",1251
68786,"Monday",7874235201,1,"DAIRY",1515
170558,"Thursday",78114753920,1,"INFANT APPAREL",6804
22276,"Monday",7248600220,4,"GROCERY DRY GOODS",4157
4984,"Friday",20966500000,1,"SERVICE DELI",7010
103925,"Sunday",4077306454,1,"BATH AND SHOWER",1321
105437,"Sunday",71496316540,1,"OFFICE SUPPLIES",6757
14969,"Sunday",3010010037,1,"DSD GROCERY",4302
149413,"Sunday",5100011464,1,"GROCERY DRY GOODS",2401
923,"Friday",5330007313,1,"MENSWEAR",2109
135405,"Friday",88842424255,1,"MENSWEAR",2553
100972,"Sunday",68113169940,1,"PHARMACY OTC",2012
169384,"Thursday",3500026918,1,"PERSONAL CARE",3154
169323,"Thursday",66553830675,1,"BATH AND SHOWER",1431
140231,"Saturday",4740005381,1,"PERSONAL CARE",1403
102618,"Sunday",7874209131,1,"GROCERY DRY GOODS",3559
138874,"Saturday",60502100088,1,"GROCERY DRY GOODS",4264
8998,"Saturday",2363748472,1,"CANDY, TOBACCO, COOKIES",39
93554,"Saturday",2400036703,1,"GROCERY DRY GOODS",2762
148433,"Sunday",880632366698,1,"LADIESWEAR",312
137190,"Saturday",471753571908,1,"MENSWEAR",4478
106279,"Sunday",4480000141,1,"GROCERY DRY GOODS",4451
29773,"Tuesday",7778200813,2,"MEAT - FRESH & FROZEN",6106
165895,"Wednesday",3223906503,3,"GROCERY DRY GOODS",2998
116438,"Tuesday",61300871585,1,"DSD GROCERY",3052
80417,"Wednesday",7225000398,1,"COMM BREAD",3704
122219,"Wednesday",4321360145,2,"BRAS & SHAPEWEAR",1900
57188,"Sunday",4011,1,"PRODUCE",5501
112850,"Tuesday",3485622698,1,"DSD GROCERY",4680
10255,"Saturday",4022,1,"PRODUCE",2005
99410,"Saturday",5210002745,1,"GROCERY DRY GOODS",4252
123247,"Wednesday",1820000769,1,"LIQUOR,WINE,BEER",101
190384,"Sunday",79936619533,1,"WIRELESS",940
100741,"Sunday",7756745831,1,"FROZEN FOODS",1855
130125,"Thursday",3600072444,1,"PERSONAL CARE",3064
121747,"Wednesday",85324700325,1,"DSD GROCERY",3460
114715,"Tuesday",4235,1,"PRODUCE",5580
46300,"Friday",5210002738,1,"GROCERY DRY GOODS",4252
136949,"Saturday",4016,1,"PRODUCE",1201
157368,"Tuesday",4048,1,"PRODUCE",901
95862,"Saturday",72450400033,1,"FABRICS AND CRAFTS",1052
20964,"Monday",4034,1,"PRODUCE",6701
178880,"Saturday",5150072001,1,"GROCERY DRY GOODS",2651
122661,"Wednesday",1326263752,2,"GIRLS WEAR, 4-6X  AND 7-14",117
112094,"Monday",7432308129,1,"COMM BREAD",3724
13842,"Sunday",88381393242,1,"SPORTING GOODS",8020
17678,"Sunday",3338365162,1,"PRODUCE",7080
39567,"Thursday",68113104909,1,"BEAUTY",6080
48864,"Friday",9147596000,1,"DAIRY",1405
113635,"Tuesday",78778077010,1,"GROCERY DRY GOODS",3308
19378,"Sunday",1300000897,1,"GROCERY DRY GOODS",2301
27141,"Tuesday",5527096112,1,"GROCERY DRY GOODS",3030
94782,"Saturday",3064178516,1,"HORTICULTURE AND ACCESS",5392
120373,"Wednesday",61126911357,1,"DSD GROCERY",3467
99021,"Saturday",1340935231,1,"GROCERY DRY GOODS",2351
103837,"Sunday",60538871458,1,"DAIRY",9127
23491,"Monday",3700045536,1,"HOUSEHOLD CHEMICALS/SUPP",8910
161087,"Tuesday",1590000211,1,"PRE PACKED DELI",7502
188660,"Sunday",9047821622,1,"GROCERY DRY GOODS",2998
179212,"Saturday",2310010306,1,"PETS AND SUPPLIES",817
7870,"Saturday",66283450159,1,"OPTICAL - FRAMES",5001
58509,"Sunday",2100002679,1,"GROCERY DRY GOODS",2452
12080,"Saturday",20154200000,1,"SERVICE DELI",8001
50712,"Saturday",3700092976,1,"HOUSEHOLD PAPER GOODS",1030
11596,"Saturday",30869740159,1,"PERSONAL CARE",802
78615,"Wednesday",60538862097,1,"FINANCIAL SERVICES",0
189986,"Sunday",7255400152,1,"FROZEN FOODS",1851
12433,"Saturday",2840020131,1,"DSD GROCERY",9251
170263,"Thursday",5190001603,1,"PRE PACKED DELI",1350
93403,"Saturday",3700080805,1,"PERSONAL CARE",27
142076,"Saturday",4670462075,1,"FROZEN FOODS",9705
112705,"Monday",7874204989,1,"FROZEN FOODS",9139
179695,"Saturday",88875105762,1,"PLAYERS AND ELECTRONICS",8701
63667,"Monday",68113163351,1,"FINANCIAL SERVICES",275
73130,"Tuesday",4100000287,1,"GROCERY DRY GOODS",3351
113026,"Tuesday",68113157393,1,"HOUSEHOLD PAPER GOODS",7010
27554,"Tuesday",8390000575,1,"DSD GROCERY",3054
109761,"Monday",4740009787,1,"PERSONAL CARE",55
123794,"Wednesday",7316199105,1,"BATH AND SHOWER",4907
27141,"Tuesday",20108800000,1,"SERVICE DELI",8014
146794,"Sunday",76594021358,1,"FABRICS AND CRAFTS",2655
184361,"Saturday",7940076420,1,"PERSONAL CARE",1
133689,"Friday",76211188808,1,"GROCERY DRY GOODS",3309
149594,"Sunday",78616208000,1,"DSD GROCERY",3006
55919,"Saturday",7410861146,1,"PERSONAL CARE",5101
169273,"Thursday",4900000977,1,"DSD GROCERY",9211
136279,"Friday",4900003165,1,"DSD GROCERY",9205
60722,"Sunday",5200012196,1,"DSD GROCERY",4607
98894,"Saturday",1200080994,1,"DSD GROCERY",9516
14926,"Sunday",7874236939,3,"GROCERY DRY GOODS",2804
76851,"Wednesday",4400003214,2,"IMPULSE MERCHANDISE",804
73765,"Tuesday",4900003165,1,"DSD GROCERY",9205
190658,"Sunday",88883305382,1,"SHOES",4378
63298,"Monday",1131173490,1,"LADIESWEAR",3902
135782,"Friday",3345605008,1,"DAIRY",1553
41664,"Thursday",4850002013,1,"DAIRY",1404
159098,"Tuesday",7047000310,1,"DAIRY",1351
139169,"Saturday",2149600702,1,"LAWN AND GARDEN",5643
145701,"Sunday",4300002825,2,"DSD GROCERY",4624
58232,"Sunday",68113107862,2,"BAKERY",5017
108128,"Monday",5210002735,1,"GROCERY DRY GOODS",4252
128379,"Thursday",3338365322,1,"PRODUCE",7601
142793,"Saturday",3800092668,1,"GROCERY DRY GOODS",3600
165253,"Wednesday",1380010334,1,"FROZEN FOODS",1907
181274,"Saturday",38137102065,1,"PERSONAL CARE",3070
12245,"Saturday",3663203221,1,"DAIRY",1450
14274,"Sunday",3940001972,1,"GROCERY DRY GOODS",2827
160929,"Tuesday",88652485583,1,"SHOES",4000
29627,"Tuesday",3400013850,1,"CANDY, TOBACCO, COOKIES",89
175718,"Friday",4155427594,1,"BEAUTY",2250
66360,"Monday",22616800000,1,"MEAT - FRESH & FROZEN",6405
10755,"Saturday",7874235186,3,"DAIRY",1508
147856,"Sunday",3663202809,1,"DAIRY",1443
189176,"Sunday",3700009985,2,"PERSONAL CARE",3164
18216,"Sunday",81829001420,1,"DAIRY",1436
65049,"Monday",3400000522,1,"IMPULSE MERCHANDISE",115
50397,"Saturday",6132837704,1,"HOUSEHOLD PAPER GOODS",3091
57465,"Sunday",2316911934,1,"HOME MANAGEMENT",1166
82457,"Thursday",68113102536,1,"HOUSEHOLD PAPER GOODS",5010
96974,"Saturday",3867514950,1,"TOYS",6115
125215,"Thursday",3120020300,1,"DSD GROCERY",4639
168235,"Thursday",7874205654,1,"GROCERY DRY GOODS",2764
58568,"Sunday",70592805200,1,"PHARMACY OTC",1100
164251,"Wednesday",6905583744,1,"PERSONAL CARE",411
15349,"Sunday",1727622687,1,"PHARMACY OTC",3516
50498,"Saturday",4171623215,1,"DAIRY",7953
160371,"Tuesday",7294011615,1,"GROCERY DRY GOODS",2404
189394,"Sunday",71514111356,1,"DAIRY",9020
28121,"Tuesday",7675333169,1,"COOK AND DINE",3704
155454,"Monday",25088200000,1,"SERVICE DELI",8001
49564,"Saturday",89470001006,1,"DAIRY",1450
167729,"Thursday",4740009995,1,"PERSONAL CARE",55
131792,"Friday",4800171127,1,"GROCERY DRY GOODS",2707
125856,"Thursday",1200000233,2,"DSD GROCERY",9575
144196,"Sunday",3165513101,1,"BEAUTY",3110
36330,"Wednesday",3600038571,1,"HOUSEHOLD PAPER GOODS",3099
140815,"Saturday",5150000286,1,"GROCERY DRY GOODS",4052
117756,"Tuesday",2370001485,1,"FROZEN FOODS",4061
185391,"Sunday",1450001579,2,"FROZEN FOODS",1750
31016,"Tuesday",7874205338,2,"FROZEN FOODS",1752
134189,"Friday",81832601170,1,"HOME DECOR",2518
180045,"Saturday",60538896309,2,"FINANCIAL SERVICES",276
103520,"Sunday",82342062161,1,"HARDWARE",6850
87995,"Friday",1254600191,1,"IMPULSE MERCHANDISE",135
183734,"Saturday",7524310514,1,"DAIRY",1507
122554,"Wednesday",60538818696,1,"DAIRY",7983
172910,"Friday",471984904022,-1,"GIRLS WEAR, 4-6X  AND 7-14",2710
112389,"Monday",60538862128,1,"FINANCIAL SERVICES",0
85846,"Thursday",60538898808,1,"GROCERY DRY GOODS",3301
80960,"Wednesday",81832601283,1,"HOME DECOR",2523
175254,"Friday",22877700000,1,"MEAT - FRESH & FROZEN",6045
56843,"Sunday",4017,1,"PRODUCE",1203
72615,"Tuesday",78735917500,1,"PRODUCE",7101
189869,"Sunday",1111112412,1,"PERSONAL CARE",3163
111342,"Monday",3125900923,1,"LIQUOR,WINE,BEER",2400
147420,"Sunday",32586656029,1,"PHARMACY OTC",2059
96639,"Saturday",5200033877,2,"DSD GROCERY",4606
66695,"Monday",4319437040,1,"PERSONAL CARE",5103
78786,"Wednesday",4400003133,1,"DSD GROCERY",3717
85358,"Thursday",85470700564,1,"OFFICE SUPPLIES",6425
18561,"Sunday",5040074013,1,"COMM BREAD",3728
36827,"Wednesday",79590245863,1,"CELEBRATION",6
186581,"Sunday",4920004550,1,"GROCERY DRY GOODS",4451
1721,"Friday",9518883000,1,"DSD GROCERY",4644
179759,"Saturday",7940027532,-1,"PERSONAL CARE",27
169827,"Thursday",64541657889,1,"CELEBRATION",505
93911,"Saturday",4650070540,1,"HOUSEHOLD CHEMICALS/SUPP",8599
180150,"Saturday",88530627781,1,"MENSWEAR",5701
63960,"Monday",1280051772,1,"IMPULSE MERCHANDISE",904
109632,"Monday",60538871457,1,"DAIRY",9100
161950,"Wednesday",7464100287,1,"PRODUCE",5964
93287,"Saturday",4011,1,"PRODUCE",5501
172206,"Friday",1200002454,1,"DSD GROCERY",3053
150685,"Monday",80521990289,2,"IMPULSE MERCHANDISE",302
105976,"Sunday",3700088437,1,"PERSONAL CARE",202
93292,"Saturday",72097247025,1,"MENSWEAR",271
189042,"Sunday",3800091488,1,"GROCERY DRY GOODS",3601
100445,"Sunday",4470000989,1,"PRE PACKED DELI",7557
48737,"Friday",7780259650,1,"BEAUTY",1265
172635,"Friday",3700087948,2,"INFANT CONSUMABLE HARDLINES",206
42385,"Thursday",7164108018,1,"FABRICS AND CRAFTS",1099
162404,"Wednesday",4900005025,1,"DSD GROCERY",3004
23192,"Monday",5100001021,1,"GROCERY DRY GOODS",3102
73999,"Tuesday",1740011066,1,"GROCERY DRY GOODS",3809
59821,"Sunday",2840016190,1,"IMPULSE MERCHANDISE",808
95190,"Saturday",3338340242,1,"PRODUCE",6401
130058,"Thursday",2430004431,1,"COMM BREAD",6151
47438,"Friday",2840020131,1,"DSD GROCERY",9251
89692,"Friday",3384400031,1,"GROCERY DRY GOODS",4293
105082,"Sunday",3500014127,1,"PERSONAL CARE",3171
31735,"Wednesday",9933893814,1,"LADIESWEAR",1779
61885,"Sunday",980089500,1,"GROCERY DRY GOODS",2500
64047,"Monday",20554600000,1,"SERVICE DELI",8015
181706,"Saturday",2733100610,1,"DAIRY",7962
140654,"Saturday",88796105703,1,"TOYS",1401
174176,"Friday",1204404023,1,"PERSONAL CARE",5280
178779,"Saturday",4048,1,"PRODUCE",901
32199,"Wednesday",7007700106,1,"FROZEN FOODS",1902
176481,"Friday",2622978156,1,"OFFICE SUPPLIES",6002
186929,"Sunday",60538815283,1,"SHOES",1396
154871,"Monday",3224724990,-1,"LAWN AND GARDEN",5643
9675,"Saturday",6905586774,1,"PERSONAL CARE",7019
149048,"Sunday",68113118722,1,"PHARMACY OTC",1352
100735,"Sunday",3400011447,1,"CANDY, TOBACCO, COOKIES",89
13846,"Sunday",3700090529,1,"PERSONAL CARE",3158
42853,"Thursday",7432309750,1,"GROCERY DRY GOODS",3682
19060,"Sunday",880552311963,1,"LADIESWEAR",313
173991,"Friday",880632365372,1,"GIRLS WEAR, 4-6X  AND 7-14",411
117951,"Tuesday",73114972560,2,"SEAFOOD",1078
150481,"Monday",7800004052,1,"DSD GROCERY",2403
145134,"Sunday",3400017612,1,"CANDY, TOBACCO, COOKIES",74
181970,"Saturday",81547301188,1,"DAIRY",7978
69447,"Monday",38137003740,1,"PERSONAL CARE",3020
175254,"Friday",4693,1,"PRODUCE",4450
5586,"Friday",7760200508,1,"PHARMACY OTC",1511
85993,"Thursday",71441502575,1,"IMPULSE MERCHANDISE",8226
103448,"Sunday",20216200000,1,"MEAT - FRESH & FROZEN",6075
102703,"Sunday",20195500000,1,"SERVICE DELI",6902
8895,"Saturday",4393551615,1,"MENSWEAR",5107
31357,"Tuesday",4321363465,1,"BRAS & SHAPEWEAR",2799
110699,"Monday",4300095562,1,"DSD GROCERY",4628
3234,"Friday",68113163351,1,"FINANCIAL SERVICES",275
157851,"Tuesday",68113105744,1,"PHARMACY OTC",951
13950,"Sunday",7488768360,1,"HOUSEHOLD PAPER GOODS",4863
162991,"Wednesday",4359500273,1,"PRE PACKED DELI",7251
63774,"Monday",9147563006,1,"DAIRY",1405
53843,"Saturday",30031223413,1,"PHARMACY OTC",1135
16295,"Sunday",76687820023,1,"PERSONAL CARE",413
15241,"Sunday",7314918668,2,"HOME MANAGEMENT",6606
131792,"Friday",7874298474,1,"BAKERY",1001
63504,"Monday",7218063718,1,"FROZEN FOODS",1951
9815,"Saturday",7874222921,1,"DAIRY",1360
134178,"Friday",66106100001,2,"PRODUCE",4162
17891,"Sunday",31254738419,1,"PERSONAL CARE",805
5920,"Friday",60538818802,1,"DSD GROCERY",4333
95877,"Saturday",2100064426,1,"GROCERY DRY GOODS",2453
75075,"Tuesday",5220000714,1,"INFANT CONSUMABLE HARDLINES",3176
106362,"Sunday",68113107910,2,"INFANT CONSUMABLE HARDLINES",1001
165086,"Wednesday",3506192245,1,"HARDWARE",2377
123802,"Wednesday",,1,"PHARMACY RX",
67835,"Monday",35128516288,1,"PHARMACY OTC",4504
5949,"Friday",88771901768,1,"BATH AND SHOWER",9920
11464,"Saturday",4667501350,1,"DAIRY",1356
64752,"Monday",4409,1,"PRODUCE",1906
166415,"Wednesday",60538871461,1,"DAIRY",9101
176411,"Friday",1112019461,1,"HOME MANAGEMENT",1153
76525,"Wednesday",471369868523,1,"SHOES",3308
153135,"Monday",64963200081,1,"PRODUCE",7170
152386,"Monday",5200032213,2,"DSD GROCERY",4606
20980,"Monday",4693,1,"PRODUCE",4450
184381,"Saturday",2150020200,1,"GROCERY DRY GOODS",4271
136459,"Friday",3760029630,2,"GROCERY DRY GOODS",100
111163,"Monday",4900005010,1,"DSD GROCERY",9570
154567,"Monday",3700090120,1,"HOUSEHOLD CHEMICALS/SUPP",8945
170412,"Thursday",2400052571,2,"GROCERY DRY GOODS",2764
127318,"Thursday",2570071118,-1,"HOUSEHOLD PAPER GOODS",6020
70068,"Tuesday",7417034036,1,"BEAUTY",3100
116415,"Tuesday",5000000456,2,"PETS AND SUPPLIES",1001
11323,"Saturday",7314945922,2,"HOME MANAGEMENT",6606
141743,"Saturday",2708442561,1,"IMPULSE MERCHANDISE",336
60514,"Sunday",3000006720,1,"GROCERY DRY GOODS",3601
130362,"Thursday",2840000289,1,"DSD GROCERY",3658
110319,"Monday",2410078437,1,"DSD GROCERY",3719
40084,"Thursday",88496806693,1,"LADIESWEAR",267
25243,"Monday",2840033727,1,"DSD GROCERY",8251
30535,"Tuesday",64541698645,1,"CELEBRATION",1805
74130,"Tuesday",7120200300,1,"FROZEN FOODS",1803
87612,"Friday",6799060011,1,"PERSONAL CARE",5510
55685,"Saturday",7874209178,1,"DSD GROCERY",1108
56076,"Saturday",,1,"NULL",
11667,"Saturday",72201100004,1,"BOOKS AND MAGAZINES",777
73619,"Tuesday",4127100908,1,"DAIRY",1513
22858,"Monday",4316894530,-3,"HARDWARE",5205
109728,"Monday",2899597543,1,"FABRICS AND CRAFTS",3609
11527,"Saturday",4138309010,1,"DAIRY",1505
16669,"Sunday",4011,1,"PRODUCE",5501
88832,"Friday",4087,1,"PRODUCE",7803
184121,"Saturday",3338320027,1,"PRODUCE",3601
10590,"Saturday",1200001311,1,"DSD GROCERY",9205
162241,"Wednesday",29048800000,1,"HORTICULTURE AND ACCESS",7391
32667,"Wednesday",7874220473,1,"GROCERY DRY GOODS",2757
39675,"Thursday",7560919177,1,"BEAUTY",4541
187381,"Sunday",1820000243,1,"LIQUOR,WINE,BEER",108
167084,"Thursday",1200080994,2,"DSD GROCERY",9516
10304,"Saturday",3700092976,4,"HOUSEHOLD PAPER GOODS",1030
124988,"Thursday",3338365101,1,"PRODUCE",7502
167081,"Thursday",4135,1,"PRODUCE",1214
29996,"Tuesday",61611203150,1,"PRODUCE",7143
1882,"Friday",4900001801,1,"DSD GROCERY",9546
122321,"Wednesday",3384400005,1,"GROCERY DRY GOODS",4293
88353,"Friday",60538812236,1,"FINANCIAL SERVICES",278
117936,"Tuesday",3400029655,1,"CANDY, TOBACCO, COOKIES",78
68274,"Monday",3400000054,1,"IMPULSE MERCHANDISE",100
55464,"Saturday",4050,1,"PRODUCE",6501
76052,"Wednesday",7734148882,1,"AUTOMOTIVE",6034
13772,"Sunday",9826201290,1,"PAINT AND ACCESSORIES",4250
99650,"Saturday",1820011047,1,"LIQUOR,WINE,BEER",101
75315,"Tuesday",7294560136,1,"COMM BREAD",3702
14300,"Sunday",7874235296,1,"GROCERY DRY GOODS",4402
3960,"Friday",20108700000,1,"SERVICE DELI",8014
3950,"Friday",7341001351,1,"COMM BREAD",3761
41262,"Thursday",3700086857,1,"INFANT CONSUMABLE HARDLINES",225
102473,"Sunday",4155442062,1,"BEAUTY",2230
95345,"Saturday",75752800879,2,"IMPULSE MERCHANDISE",808
33116,"Wednesday",7294075100,1,"GROCERY DRY GOODS",2832
98359,"Saturday",4300002825,2,"DSD GROCERY",4624
86743,"Thursday",81048602132,1,"MENSWEAR",6271
6498,"Saturday",7874237117,2,"GROCERY DRY GOODS",4451
190671,"Sunday",60538871461,1,"DAIRY",9101
85577,"Thursday",3120022007,1,"DSD GROCERY",4639
16052,"Sunday",4190007496,1,"DAIRY",1518
50980,"Saturday",7682804702,1,"PERSONAL CARE",9110
133772,"Friday",7763306510,1,"COMM BREAD",3704
177529,"Friday",7874211675,4,"HOUSEHOLD PAPER GOODS",7010
136341,"Friday",4010000928,1,"GROCERY DRY GOODS",4005
97265,"Saturday",1070070860,1,"CANDY, TOBACCO, COOKIES",707
164687,"Wednesday",60538871457,1,"DAIRY",9100
23064,"Monday",7825730378,1,"BEDDING",2487
80483,"Wednesday",4812125319,1,"COMM BREAD",3719
104069,"Sunday",1500007514,1,"INFANT CONSUMABLE HARDLINES",3162
15608,"Sunday",2840043318,1,"IMPULSE MERCHANDISE",808
40577,"Thursday",18053000089,1,"PHARMACY OTC",528
114321,"Tuesday",8521409037,1,"INFANT CONSUMABLE HARDLINES",804
17770,"Sunday",3338365020,1,"PRODUCE",7501
152691,"Monday",1675197761,1,"TOYS",6178
142934,"Saturday",4319416998,1,"PERSONAL CARE",5103
179172,"Saturday",5399722394,1,"MEAT - FRESH & FROZEN",6050
102815,"Sunday",88530627817,1,"MENSWEAR",5143
48829,"Friday",82329810277,1,"PRODUCE",6401
66591,"Monday",4110000283,1,"BEAUTY",6080
163070,"Wednesday",7874235885,1,"GROCERY DRY GOODS",3951
60731,"Sunday",9147504189,1,"DAIRY",1405
80647,"Wednesday",2733100034,1,"COMM BREAD",3734
166352,"Wednesday",3040077852,1,"HOUSEHOLD PAPER GOODS",3006
163933,"Wednesday",70510544955,1,"AUTOMOTIVE",36
22324,"Monday",20108800000,1,"SERVICE DELI",8014
179941,"Saturday",3500014424,1,"PERSONAL CARE",3171
152799,"Monday",7192163896,1,"FROZEN FOODS",9115
136755,"Friday",1326261010,1,"GIRLS WEAR, 4-6X  AND 7-14",1511
9063,"Saturday",1200080008,1,"DSD GROCERY",9558
90122,"Friday",7240000729,1,"GROCERY DRY GOODS",2602
174467,"Friday",2460001003,1,"GROCERY DRY GOODS",4253
190579,"Sunday",4011,1,"PRODUCE",5501
17176,"Sunday",7830002603,1,"PHARMACY OTC",265
185587,"Sunday",7064033501,1,"FROZEN FOODS",1851
84818,"Thursday",1980003667,1,"HOUSEHOLD CHEMICALS/SUPP",1555
174028,"Friday",2500004808,1,"DAIRY",1407
95881,"Saturday",2899521469,1,"FABRICS AND CRAFTS",1063
163418,"Wednesday",8265778540,3,"DSD GROCERY",9216
116775,"Tuesday",4800113997,1,"GROCERY DRY GOODS",2452
112149,"Monday",5150000162,1,"GROCERY DRY GOODS",2601
144755,"Sunday",7261345892,1,"HOUSEHOLD CHEMICALS/SUPP",535
60003,"Sunday",7265500112,1,"FROZEN FOODS",4138
148497,"Sunday",4667500112,2,"DAIRY",1356
154430,"Monday",7874235186,1,"DAIRY",1508
141794,"Saturday",7423499112,1,"GROCERY DRY GOODS",2995
69058,"Monday",60308426754,1,"PERSONAL CARE",5024
141514,"Saturday",4155428845,1,"BEAUTY",2235
98670,"Saturday",3400019606,1,"IMPULSE MERCHANDISE",115
13838,"Sunday",1980080127,1,"HOUSEHOLD CHEMICALS/SUPP",4510
67855,"Monday",7994692093,1,"OFFICE SUPPLIES",6548
129121,"Thursday",30869157810,1,"PERSONAL CARE",3040
190522,"Sunday",880632368690,1,"LADIESWEAR",312
105360,"Sunday",76430228021,1,"PERSONAL CARE",6103
36006,"Wednesday",7874203524,1,"DSD GROCERY",9220
19862,"Monday",4470003039,1,"PRE PACKED DELI",7554
8676,"Saturday",38137009213,1,"PERSONAL CARE",602
144048,"Sunday",4031,-1,"PRODUCE",6401
175307,"Friday",1200000129,1,"DSD GROCERY",9547
73667,"Tuesday",7874298393,2,"BAKERY",5024
111321,"Monday",3400000239,1,"IMPULSE MERCHANDISE",100
138820,"Saturday",3500044677,1,"HOUSEHOLD CHEMICALS/SUPP",130
32723,"Wednesday",81832601183,1,"HOME DECOR",2523
107641,"Monday",4271469467,1,"BRAS & SHAPEWEAR",8820
59104,"Sunday",2840020059,1,"DSD GROCERY",9251
101532,"Sunday",4305,1,"PRODUCE",903
165128,"Wednesday",68113104587,1,"BEAUTY",4501
184120,"Saturday",7675333305,1,"COOK AND DINE",3722
29685,"Tuesday",65119195468,1,"MEDIA AND GAMING",9680
5590,"Friday",7760200508,1,"PHARMACY OTC",1511
52193,"Saturday",7874223030,1,"GROCERY DRY GOODS",2755
68969,"Monday",7874211924,2,"GROCERY DRY GOODS",2453
64884,"Monday",3224734514,1,"LAWN AND GARDEN",5624
180519,"Saturday",68113107862,1,"BAKERY",5017
119560,"Wednesday",471369868551,1,"SHOES",8422
3890,"Friday",7874205455,-1,"PRE PACKED DELI",7554
115739,"Tuesday",5107143454,1,"MENSWEAR",8587
132272,"Friday",7830007028,1,"PHARMACY OTC",252
191047,"Sunday",7800014816,1,"DSD GROCERY",2403
108776,"Monday",2800046631,1,"GROCERY DRY GOODS",3304
157111,"Tuesday",7874201417,1,"DSD GROCERY",4624
98074,"Saturday",7874208990,1,"HOUSEHOLD PAPER GOODS",6030
156197,"Tuesday",2625982746,1,"FABRICS AND CRAFTS",7018
24575,"Monday",75509012219,1,"HOME MANAGEMENT",8119
100513,"Sunday",3700011086,2,"HOUSEHOLD CHEMICALS/SUPP",130
65682,"Monday",7342000025,1,"DAIRY",1353
12565,"Saturday",3338360002,1,"PRODUCE",4005
72258,"Tuesday",30041668471,1,"PERSONAL CARE",403
100342,"Sunday",4132235305,1,"FROZEN FOODS",9705
32761,"Wednesday",1800000724,1,"DAIRY",1307
156623,"Tuesday",22680600000,1,"MEAT - FRESH & FROZEN",6568
159340,"Tuesday",88602801865,1,"MENSWEAR",8191
128874,"Thursday",88491885688,1,"LADIESWEAR",2546
28823,"Tuesday",3338311000,1,"PRODUCE",109
101847,"Sunday",1292635980,1,"SHOES",1640
11765,"Saturday",7778200141,1,"MEAT - FRESH & FROZEN",6301
145614,"Sunday",88133400248,1,"GROCERY DRY GOODS",3308
175120,"Friday",61126910802,1,"DSD GROCERY",3466
62674,"Sunday",5210009860,1,"GROCERY DRY GOODS",4280
181022,"Saturday",695329320116,1,"CELEBRATION",1525
3200,"Friday",7225091482,2,"COMM BREAD",3761
174688,"Friday",68333342997,1,"PERSONAL CARE",9111
129605,"Thursday",3940001914,1,"GROCERY DRY GOODS",2828
29001,"Tuesday",8000000674,3,"GROCERY DRY GOODS",2901
110748,"Monday",3338365101,1,"PRODUCE",7502
138662,"Saturday",3700084932,1,"HOUSEHOLD CHEMICALS/SUPP",505
79884,"Wednesday",,1,"PHARMACY RX",
88565,"Friday",60538812236,1,"FINANCIAL SERVICES",278
10508,"Saturday",4800135450,1,"GROCERY DRY GOODS",2452
176579,"Friday",3700091981,1,"PERSONAL CARE",3148
66916,"Monday",88530617621,1,"MENSWEAR",1101
120400,"Wednesday",7874243342,1,"GROCERY DRY GOODS",4304
40818,"Thursday",4046,1,"PRODUCE",5620
130436,"Thursday",4416,1,"PRODUCE",1902
115846,"Tuesday",4167982189,1,"PHARMACY OTC",406
189510,"Sunday",88882502544,-1,"PLUS AND MATERNITY",8603
108245,"Monday",7287851527,2,"GROCERY DRY GOODS",2995
126427,"Thursday",2200001476,1,"CANDY, TOBACCO, COOKIES",94
21708,"Monday",75103870861,1,"MENSWEAR",8156
23389,"Monday",4036,1,"PRODUCE",2500
169323,"Thursday",60538810505,3,"SHOES",4815
21564,"Monday",73990700001,1,"GROCERY DRY GOODS",2707
80315,"Wednesday",1116211127,1,"FROZEN FOODS",2306
151872,"Monday",30521641600,1,"BEAUTY",4010
156896,"Tuesday",6827473529,2,"DSD GROCERY",2351
131229,"Friday",88798506496,-1,"LADIESWEAR",123
155574,"Monday",7874235200,1,"DAIRY",1515
126598,"Thursday",3399104517,1,"AUTOMOTIVE",8091
120975,"Wednesday",7874243103,1,"FROZEN FOODS",2003
129761,"Thursday",8362528559,1,"MENSWEAR",1605
142745,"Saturday",4319416998,1,"PERSONAL CARE",5103
128269,"Thursday",79108363466,-1,"PHARMACY OTC",535
172716,"Friday",3663200260,1,"DAIRY",1360
75291,"Tuesday",1326141849,1,"BOYS WEAR",4648
41090,"Thursday",5400010060,1,"HOUSEHOLD PAPER GOODS",3004
28216,"Tuesday",71575630004,1,"PRODUCE",3502
129245,"Thursday",5100019532,1,"GROCERY DRY GOODS",2402
164650,"Wednesday",,1,"PHARMACY RX",
84729,"Thursday",65269598862,1,"FABRICS AND CRAFTS",742
101268,"Sunday",7314930361,1,"PETS AND SUPPLIES",5620
67357,"Monday",3700046299,3,"HOUSEHOLD CHEMICALS/SUPP",8945
143189,"Saturday",880619230078,1,"GIRLS WEAR, 4-6X  AND 7-14",449
61020,"Sunday",3250010281,1,"GROCERY DRY GOODS",4201
148710,"Sunday",4609455737,1,"GIRLS WEAR, 4-6X  AND 7-14",5130
47981,"Friday",7874206998,1,"HOUSEHOLD PAPER GOODS",6030
159378,"Tuesday",7878775704,1,"OFFICE SUPPLIES",4500
95173,"Saturday",7874228315,1,"DAIRY",7956
133883,"Friday",7874208919,2,"FROZEN FOODS",2007
170914,"Thursday",88530617221,1,"MENSWEAR",1061
67653,"Monday",65356928979,1,"TOYS",8007
32379,"Wednesday",489705373002,1,"COOK AND DINE",3700
130372,"Thursday",84529605261,1,"INFANT CONSUMABLE HARDLINES",1014
45798,"Friday",5000014578,1,"DAIRY",1524
94980,"Saturday",72136601404,1,"HOME DECOR",5926
29667,"Tuesday",3700080453,1,"HOUSEHOLD CHEMICALS/SUPP",2060
125994,"Thursday",7480618420,1,"LIQUOR,WINE,BEER",2900
39561,"Thursday",5113150218,1,"HOUSEHOLD CHEMICALS/SUPP",9610
163833,"Wednesday",4601346068,-1,"HARDWARE",9803
105807,"Sunday",7343500304,1,"COMM BREAD",3728
37136,"Wednesday",2200000838,1,"IMPULSE MERCHANDISE",135
55639,"Saturday",4116701041,1,"PERSONAL CARE",9109
34565,"Wednesday",4556420693,1,"AUTOMOTIVE",7125
31804,"Wednesday",7339001404,1,"IMPULSE MERCHANDISE",135
187705,"Sunday",3421,1,"PRODUCE",6425
121350,"Wednesday",60538862097,1,"FINANCIAL SERVICES",0
175517,"Friday",4935371111,1,"HOME DECOR",117
132588,"Friday",2279691431,-1,"PERSONAL CARE",5039
106573,"Sunday",4369508304,1,"FROZEN FOODS",1952
4689,"Friday",3800057608,1,"GROCERY DRY GOODS",3600
87035,"Friday",4383,1,"PRODUCE",3102
22781,"Monday",66764609250,1,"BEDDING",621
41925,"Thursday",1820011047,1,"LIQUOR,WINE,BEER",101
86334,"Thursday",1864325610,1,"COOK AND DINE",2061
171475,"Thursday",60538871461,1,"DAIRY",9101
64940,"Monday",7314909308,1,"HOME MANAGEMENT",5406
184404,"Saturday",7254509219,1,"FROZEN FOODS",1952
176714,"Friday",3018291829,1,"BATH AND SHOWER",421
82732,"Thursday",7934068629,1,"PAINT AND ACCESSORIES",4201
54049,"Saturday",3710003662,3,"GROCERY DRY GOODS",2804
157863,"Tuesday",5107114059,1,"MENSWEAR",7200
98182,"Saturday",88309617539,1,"BOYS WEAR",6014
47372,"Friday",4203741112,1,"PERSONAL CARE",607
85690,"Thursday",4180029000,1,"DSD GROCERY",4640
164297,"Wednesday",1034391562,1,"ELECTRONICS",1262
8792,"Saturday",2840043789,1,"IMPULSE MERCHANDISE",801
94314,"Saturday",4400002991,1,"DSD GROCERY",3605
124722,"Wednesday",7874203347,1,"DSD GROCERY",3563
101617,"Sunday",30041010116,1,"PERSONAL CARE",210
138557,"Saturday",88309625469,1,"MENSWEAR",1198
32123,"Wednesday",88694429343,1,"SLEEPWEAR/FOUNDATIONS",1242
184115,"Saturday",4850002107,1,"DAIRY",1407
71340,"Tuesday",88851063239,1,"GIRLS WEAR, 4-6X  AND 7-14",125
46206,"Friday",1090074331,1,"HOUSEHOLD PAPER GOODS",6510
137692,"Saturday",7065218603,1,"COOK AND DINE",3610
182689,"Saturday",2500005349,1,"DSD GROCERY",3004
180637,"Saturday",2840008769,1,"IMPULSE MERCHANDISE",808
109241,"Monday",88616687888,1,"BOYS WEAR",1025
143572,"Sunday",4009450168,1,"COOK AND DINE",579
144658,"Sunday",5410001160,1,"GROCERY DRY GOODS",2570
54863,"Saturday",3228162741,1,"BATH AND SHOWER",704
14226,"Sunday",4610000272,2,"DAIRY",7960
28395,"Tuesday",60538807746,1,"SHOES",8012
11845,"Saturday",60538815849,1,"SHOES",4902
126279,"Thursday",3940001614,2,"GROCERY DRY GOODS",2828
3414,"Friday",7874214223,1,"FROZEN FOODS",1851
154315,"Monday",68113191684,1,"SERVICE DELI",4031
75030,"Tuesday",3400000480,1,"IMPULSE MERCHANDISE",115
74327,"Tuesday",72326168071,1,"SHOES",4820
67358,"Monday",7874204833,1,"HOUSEHOLD PAPER GOODS",265
140074,"Saturday",4078,1,"PRODUCE",8303
81632,"Thursday",3600041247,1,"INFANT CONSUMABLE HARDLINES",227
87145,"Friday",36373644201,1,"PHARMACY OTC",4002
148172,"Sunday",7453490164,1,"FROZEN FOODS",1855
190983,"Sunday",4517304735,1,"OFFICE SUPPLIES",6593
136672,"Friday",4369508500,1,"FROZEN FOODS",1952
19070,"Sunday",88133400279,1,"GROCERY DRY GOODS",3308
3059,"Friday",68113102602,1,"HOUSEHOLD PAPER GOODS",5030
4675,"Friday",7535312428,1,"HOME MANAGEMENT",5130
7323,"Saturday",,1,"PHARMACY RX",
6601,"Saturday",7874234757,1,"HOUSEHOLD CHEMICALS/SUPP",140
36324,"Wednesday",64541698792,1,"CELEBRATION",1805
79026,"Wednesday",7874214881,1,"COMM BREAD",3102
129598,"Thursday",880552311978,1,"LADIESWEAR",313
101268,"Sunday",68113109933,1,"PERSONAL CARE",702
133429,"Friday",3660082812,1,"PHARMACY OTC",1181
82035,"Thursday",1410009537,1,"COMM BREAD",3761
130951,"Friday",88561539896,1,"SLEEPWEAR/FOUNDATIONS",2430
164853,"Wednesday",60786911407,1,"INFANT CONSUMABLE HARDLINES",1009
64651,"Monday",5100021243,3,"GROCERY DRY GOODS",3150
170169,"Thursday",7874211817,1,"DAIRY",9140
184106,"Saturday",2800027249,1,"DSD GROCERY",4635
129963,"Thursday",67341922984,1,"TOYS",2315
181444,"Saturday",7940031404,1,"PERSONAL CARE",3168
1351,"Friday",78035378403,1,"PRODUCE",3601
8938,"Saturday",5410722101,1,"PRODUCE",3108
140958,"Saturday",1112022104,1,"HOME MANAGEMENT",1172
130071,"Thursday",1500007111,1,"INFANT CONSUMABLE HARDLINES",3151
72828,"Tuesday",7450991088,1,"AUTOMOTIVE",7000
41054,"Thursday",7874237156,1,"GROCERY DRY GOODS",3131
15010,"Sunday",88530632408,1,"BOYS WEAR",1701
6362,"Saturday",3700022205,1,"HOUSEHOLD CHEMICALS/SUPP",130
151647,"Monday",4260728058,1,"TOYS",3281
158393,"Tuesday",7084700402,2,"DSD GROCERY",3054
28430,"Tuesday",4900001463,1,"DSD GROCERY",9538
5955,"Friday",60538871461,1,"DAIRY",9101
100897,"Sunday",2840020129,2,"DSD GROCERY",9251
123098,"Wednesday",2733100035,1,"COMM BREAD",3706
144209,"Sunday",7432300233,1,"COMM BREAD",3724
188537,"Sunday",3500074210,1,"PERSONAL CARE",202
183566,"Saturday",25127100000,1,"SEAFOOD",1030
172145,"Friday",2200001425,1,"CANDY, TOBACCO, COOKIES",94
141375,"Saturday",60265217050,1,"PHARMACY OTC",543
186207,"Sunday",7874201186,1,"HOUSEHOLD CHEMICALS/SUPP",1015
119011,"Wednesday",4127101993,1,"DAIRY",1513
107510,"Monday",7874208964,1,"FROZEN FOODS",1853
15350,"Sunday",2791700015,1,"PHARMACY OTC",601
74291,"Tuesday",71846730285,1,"GIRLS WEAR, 4-6X  AND 7-14",168
129565,"Thursday",7175830092,1,"GROCERY DRY GOODS",4293
11131,"Saturday",7800001952,1,"DSD GROCERY",2485
185582,"Sunday",3501194732,1,"TOYS",6235
126171,"Thursday",72503339941,1,"SHOES",2907
191079,"Sunday",2569590204,2,"BEDDING",6007
59410,"Sunday",3090091137,1,"DAIRY",7955
184270,"Saturday",1150906022,1,"PHARMACY OTC",4500
73204,"Tuesday",4280000886,1,"FROZEN FOODS",1953
101679,"Sunday",8508188832,2,"COOK AND DINE",22
2229,"Friday",4000000460,1,"IMPULSE MERCHANDISE",110
142222,"Saturday",4305,1,"PRODUCE",903
179592,"Saturday",978145301910,1,"IMPULSE MERCHANDISE",302
26327,"Tuesday",1370044970,1,"HOUSEHOLD PAPER GOODS",5020
18532,"Sunday",3338353070,1,"PRODUCE",4113
118934,"Wednesday",3087833244,2,"ELECTRONICS",4815
2375,"Friday",980080009,1,"IMPULSE MERCHANDISE",611
116745,"Tuesday",7874204132,1,"PRE PACKED DELI",7554
169731,"Thursday",5400075040,2,"AUTOMOTIVE",3810
66980,"Monday",71264910129,1,"SPORTING GOODS",511
130024,"Thursday",4580227290,1,"TOYS",2024
175708,"Friday",7874201443,1,"PRE PACKED DELI",7554
112689,"Monday",2700069086,1,"GROCERY DRY GOODS",4408
190672,"Sunday",3500076387,1,"PERSONAL CARE",203
120210,"Wednesday",1305150206,1,"CELEBRATION",10
83994,"Thursday",1030004894,1,"GROCERY DRY GOODS",3857
9659,"Saturday",7056095011,1,"FROZEN FOODS",1752
148106,"Sunday",68113169983,1,"PHARMACY OTC",2062
103972,"Sunday",2100005228,1,"GROCERY DRY GOODS",2351
122402,"Wednesday",2400036702,1,"GROCERY DRY GOODS",2764
26539,"Tuesday",68113163352,1,"FINANCIAL SERVICES",278
122069,"Wednesday",8660000736,1,"GROCERY DRY GOODS",2901
51408,"Saturday",87826000210,1,"ELECTRONICS",1224
12311,"Saturday",68113132946,1,"PRODUCE",6810
50241,"Saturday",68113106974,1,"BEAUTY",3300
55351,"Saturday",3700014215,1,"PHARMACY OTC",276
190629,"Sunday",64600720529,1,"BRAS & SHAPEWEAR",130
9672,"Saturday",4011,1,"PRODUCE",5501
154801,"Monday",30766073921,1,"PHARMACY OTC",2102
153966,"Monday",8411411632,1,"DSD GROCERY",9275
16779,"Sunday",1920082890,1,"HOUSEHOLD CHEMICALS/SUPP",6010
183735,"Saturday",3270011064,1,"PETS AND SUPPLIES",5830
139849,"Saturday",7518500001,4,"COMM BREAD",3725
186913,"Sunday",4900003165,1,"DSD GROCERY",9205
94803,"Saturday",2370002847,1,"FROZEN FOODS",4073
106213,"Sunday",7084701755,1,"DSD GROCERY",3467
60084,"Sunday",88776817420,2,"SPORTING GOODS",8394
29648,"Tuesday",60538862128,1,"FINANCIAL SERVICES",0
61643,"Sunday",3700030659,1,"PHARMACY OTC",254
60448,"Sunday",4549690313,1,"PLAYERS AND ELECTRONICS",1134
102264,"Sunday",7874222869,1,"DAIRY",7958
48927,"Friday",80504037705,1,"SHOES",2532
118345,"Tuesday",7410859102,1,"PERSONAL CARE",5124
151337,"Monday",84873700486,1,"GROCERY DRY GOODS",2831
147132,"Sunday",7432309750,1,"GROCERY DRY GOODS",3682
51770,"Saturday",4178900621,1,"GROCERY DRY GOODS",3116
132642,"Friday",7007700456,1,"FROZEN FOODS",6504
25898,"Tuesday",88439258077,1,"INFANT CONSUMABLE HARDLINES",2002
77257,"Wednesday",1257519772,1,"PETS AND SUPPLIES",3604
59757,"Sunday",88828940231,1,"PRODUCE",1250
91284,"Friday",4190007638,1,"DAIRY",1514
185575,"Sunday",4450087784,1,"PRE PACKED DELI",3232
30687,"Tuesday",1099500871,1,"BAKERY",2001
49795,"Saturday",64541671801,1,"CELEBRATION",801
174477,"Friday",,-1,"PHARMACY RX",
131178,"Friday",4613537101,-1,"AUTOMOTIVE",6136
147307,"Sunday",3762813332,1,"PLAYERS AND ELECTRONICS",8304
18758,"Sunday",71441509910,1,"IMPULSE MERCHANDISE",9005
95104,"Saturday",3338353310,1,"PRODUCE",4145
10491,"Saturday",78647159373,1,"BEDDING",3210
17561,"Sunday",60538819035,1,"FINANCIAL SERVICES",1000
49569,"Saturday",7874237397,1,"FROZEN FOODS",1752
170999,"Thursday",71785410501,3,"FROZEN FOODS",9704
120045,"Wednesday",3920895542,1,"HARDWARE",4202
16654,"Sunday",7110000578,1,"GROCERY DRY GOODS",2453
71748,"Tuesday",6827473529,1,"DSD GROCERY",2351
170661,"Thursday",72122402191,1,"INFANT APPAREL",6043
176565,"Friday",6132835406,1,"HOUSEHOLD PAPER GOODS",3090
95253,"Saturday",2643854039,1,"FABRICS AND CRAFTS",2913
50195,"Saturday",3800049276,1,"FROZEN FOODS",2112
41044,"Thursday",7187154201,1,"PRE PACKED DELI",3232
79176,"Wednesday",2420009653,1,"HOUSEHOLD CHEMICALS/SUPP",530
115291,"Tuesday",7874211481,1,"HOUSEHOLD PAPER GOODS",2020
50383,"Saturday",3501192902,1,"SPORTING GOODS",8054
116711,"Tuesday",60538898789,3,"GROCERY DRY GOODS",1104
152047,"Monday",7874211909,1,"DAIRY",1353
107262,"Monday",3000026291,2,"GROCERY DRY GOODS",3556
5322,"Friday",7535326853,1,"HOME MANAGEMENT",5130
140888,"Saturday",4488261010,-1,"LAWN AND GARDEN",4001
149490,"Sunday",60538871456,1,"DAIRY",9130
65968,"Monday",7800020640,1,"DSD GROCERY",2455
166155,"Wednesday",68001382764,1,"BOYS WEAR",5550
186844,"Sunday",20108800000,1,"SERVICE DELI",8014
185812,"Sunday",7314918518,2,"HOME MANAGEMENT",6600
440,"Friday",9285200065,4,"HORTICULTURE AND ACCESS",1000
8003,"Saturday",2400054997,1,"GROCERY DRY GOODS",2764
116400,"Tuesday",88743960508,1,"BOYS WEAR",4706
36663,"Wednesday",88537084900,1,"PLAYERS AND ELECTRONICS",7700
61237,"Sunday",2500005426,1,"DAIRY",1407
128225,"Thursday",31254717021,1,"PHARMACY OTC",1352
57025,"Sunday",3940002834,1,"GROCERY DRY GOODS",2829
178011,"Saturday",4900000790,1,"DSD GROCERY",4611
172531,"Friday",2500004811,1,"DAIRY",1407
14274,"Sunday",4145776091,1,"PERSONAL CARE",5116
23313,"Monday",4900005034,1,"DSD GROCERY",4611
33759,"Wednesday",7874212296,-1,"DAIRY",1507
72702,"Tuesday",88561539418,1,"SLEEPWEAR/FOUNDATIONS",1289
181463,"Saturday",1204438970,1,"PERSONAL CARE",60
23865,"Monday",4073,1,"PRODUCE",4171
185162,"Sunday",4180040127,1,"DAIRY",1407
95835,"Saturday",7874204028,1,"HOUSEHOLD PAPER GOODS",1008
82834,"Thursday",84970900112,1,"BATH AND SHOWER",721
107200,"Monday",7874236939,2,"GROCERY DRY GOODS",2804
162129,"Wednesday",4111601118,1,"IMPULSE MERCHANDISE",110
5143,"Friday",980000633,1,"IMPULSE MERCHANDISE",145
92254,"Friday",3700014309,1,"PERSONAL CARE",5050
156245,"Tuesday",3500046791,1,"HOUSEHOLD CHEMICALS/SUPP",145
112603,"Monday",4087,1,"PRODUCE",7803
9422,"Saturday",3600031811,1,"INFANT CONSUMABLE HARDLINES",9001
168930,"Thursday",6164890621,1,"HOME MANAGEMENT",8133
76229,"Wednesday",3500078279,2,"PERSONAL CARE",211
146995,"Sunday",20108800000,1,"SERVICE DELI",8014
184500,"Sunday",76977914030,1,"BATH AND SHOWER",702
81131,"Wednesday",2100003935,1,"DAIRY",7955
36181,"Wednesday",7456240110,1,"DAIRY",7962
136942,"Saturday",68113109689,1,"SHOES",8208
85178,"Thursday",3426446618,1,"COOK AND DINE",8040
111034,"Monday",7550000001,1,"GROCERY DRY GOODS",2219
96682,"Saturday",2740080024,1,"DAIRY",1252
112811,"Tuesday",2430078108,2,"COMM BREAD",2286
8556,"Saturday",76789854615,1,"MENSWEAR",4842
90497,"Friday",880619230208,1,"LADIESWEAR",301
14028,"Sunday",7874243453,1,"GROCERY DRY GOODS",3304
78522,"Wednesday",3400056000,1,"CANDY, TOBACCO, COOKIES",28
112155,"Monday",6132837704,1,"HOUSEHOLD PAPER GOODS",3091
70423,"Tuesday",7994605367,2,"OFFICE SUPPLIES",6546
91188,"Friday",87799102431,1,"HOME DECOR",4
145635,"Sunday",7874208543,1,"BAKERY",2011
30949,"Tuesday",9362808819,1,"SHOES",8047
190907,"Sunday",2899520595,1,"FABRICS AND CRAFTS",1062
101225,"Sunday",2570002204,1,"HOUSEHOLD PAPER GOODS",6020
14,"Friday",2340035001,1,"HOUSEHOLD CHEMICALS/SUPP",1555
170731,"Thursday",4312,1,"PRODUCE",5703
82652,"Thursday",4450032980,1,"PRE PACKED DELI",7554
122155,"Wednesday",82506302445,3,"BATH AND SHOWER",1500
60947,"Sunday",88882329907,1,"LADIESWEAR",3383
69733,"Tuesday",73891202233,1,"FROZEN FOODS",1901
166072,"Wednesday",88694429721,1,"SLEEPWEAR/FOUNDATIONS",1287
157991,"Tuesday",5100019945,2,"GROCERY DRY GOODS",3109
85341,"Thursday",5190001610,1,"PRE PACKED DELI",1350
33532,"Wednesday",5300000990,1,"DAIRY",7958
53048,"Saturday",3746606683,1,"CANDY, TOBACCO, COOKIES",84
119489,"Wednesday",3700048364,1,"HOUSEHOLD CHEMICALS/SUPP",130
59930,"Sunday",4627,2,"PRODUCE",8603
166559,"Wednesday",9451441251,1,"HOUSEHOLD CHEMICALS/SUPP",750
155446,"Monday",82342088669,1,"HARDWARE",6008
141169,"Saturday",4400002827,1,"DSD GROCERY",2759
71843,"Tuesday",3600031836,2,"INFANT CONSUMABLE HARDLINES",9006
16819,"Sunday",5200010296,1,"DSD GROCERY",4606
180009,"Saturday",4100002278,1,"GROCERY DRY GOODS",3804
29942,"Tuesday",60538871457,1,"DAIRY",9100
76089,"Wednesday",1284409852,1,"AUTOMOTIVE",250
11887,"Saturday",880632367899,1,"LADIESWEAR",286
114173,"Tuesday",4300002828,1,"DSD GROCERY",4624
55304,"Saturday",88561567777,1,"BRAS & SHAPEWEAR",1313
72660,"Tuesday",3400000241,1,"IMPULSE MERCHANDISE",100
39389,"Thursday",88309614674,1,"MENSWEAR",5664
104006,"Sunday",3500005364,1,"HOUSEHOLD CHEMICALS/SUPP",6510
128528,"Thursday",60538812090,2,"PHARMACY OTC",3533
73619,"Tuesday",4178900412,2,"GROCERY DRY GOODS",3105
122069,"Wednesday",4178900232,1,"GROCERY DRY GOODS",3116
64473,"Monday",2253290541,1,"HORTICULTURE AND ACCESS",3925
137671,"Saturday",3338353070,1,"PRODUCE",4113
8386,"Saturday",85930600501,1,"BEAUTY",6000
65950,"Monday",3700012784,1,"HOUSEHOLD CHEMICALS/SUPP",705
3367,"Friday",7874235203,1,"DAIRY",1515
75691,"Wednesday",88879369589,-1,"ELECTRONICS",1161
179347,"Saturday",2200001671,2,"IMPULSE MERCHANDISE",135
84036,"Thursday",7874208260,1,"FROZEN FOODS",4073
107875,"Monday",2840005663,1,"DSD GROCERY",3658
120524,"Wednesday",5150025151,1,"GROCERY DRY GOODS",4408
51256,"Saturday",1450001098,1,"FROZEN FOODS",1750
29645,"Tuesday",25855100000,3,"MEAT - FRESH & FROZEN",6078
168257,"Thursday",4300000956,1,"FROZEN FOODS",2051
40364,"Thursday",3500039374,1,"HOUSEHOLD CHEMICALS/SUPP",2070
79130,"Wednesday",79109310277,1,"LADIESWEAR",1264
59413,"Sunday",2430004143,1,"COMM BREAD",3707
142104,"Saturday",1410009362,1,"DSD GROCERY",2752
101055,"Sunday",76211189532,1,"GROCERY DRY GOODS",3309
173029,"Friday",7342000024,1,"DAIRY",1353
178799,"Saturday",4900003105,1,"DSD GROCERY",3000
39763,"Thursday",4046,1,"PRODUCE",5620
105144,"Sunday",3000005300,1,"GROCERY DRY GOODS",4102
97176,"Saturday",7341011791,1,"COMM BREAD",3710
151104,"Monday",4383499258,1,"GIRLS WEAR, 4-6X  AND 7-14",8722
2824,"Friday",7874235186,1,"DAIRY",1508
12900,"Sunday",880614469398,1,"LADIESWEAR",324
116952,"Tuesday",7214000638,1,"PHARMACY OTC",1181
105913,"Sunday",3700044983,1,"PERSONAL CARE",801
142934,"Saturday",7940099820,1,"PERSONAL CARE",5023
160866,"Tuesday",3930743764,1,"BOYS WEAR",253
42862,"Thursday",8449575016,1,"TOYS",1421
37331,"Wednesday",88828940090,1,"PRODUCE",1210
3285,"Friday",75452700470,1,"LIQUOR,WINE,BEER",1101
116538,"Tuesday",38151903930,1,"PERSONAL CARE",5048
122637,"Wednesday",7173000716,1,"GROCERY DRY GOODS",3903
166809,"Wednesday",88810915003,1,"COMM BREAD",6151
48842,"Friday",7084781116,1,"DSD GROCERY",3467
89254,"Friday",38137115495,1,"BEAUTY",4620
154893,"Monday",2100030165,1,"DAIRY",1353
39667,"Thursday",4900000612,1,"DSD GROCERY",9537
171802,"Thursday",4011,1,"PRODUCE",5501
95775,"Saturday",7874205234,1,"DAIRY",1511
27063,"Tuesday",1326263447,1,"GIRLS WEAR, 4-6X  AND 7-14",801
100288,"Sunday",1600044473,2,"GROCERY DRY GOODS",3555
105132,"Sunday",4087,1,"PRODUCE",7803
121953,"Wednesday",7635148028,1,"BEAUTY",6020
115468,"Tuesday",3139821736,1,"MEDIA AND GAMING",9621
65467,"Monday",4011,1,"PRODUCE",5501
62455,"Sunday",7874205776,1,"PRODUCE",33
3220,"Friday",88882319918,1,"MENSWEAR",9250
76562,"Wednesday",88577948571,1,"LADIESWEAR",2056
135814,"Friday",7874220625,2,"DSD GROCERY",3301
91695,"Friday",3156859226,1,"JEWELRY AND SUNGLASSES",4128
126881,"Thursday",1111161015,1,"PERSONAL CARE",3181
38031,"Thursday",78656053583,1,"PHARMACY OTC",303
101564,"Sunday",4031,1,"PRODUCE",6401
133337,"Friday",61126911357,1,"DSD GROCERY",3467
159885,"Tuesday",6414410236,1,"DSD GROCERY",2008
76239,"Wednesday",7003031026,1,"PHARMACY OTC",1120
86105,"Thursday",4900005010,1,"DSD GROCERY",9570
28331,"Tuesday",3500014116,1,"PERSONAL CARE",3171
148923,"Sunday",88883303894,1,"SHOES",1609
89201,"Friday",84090303438,1,"ACCESSORIES",183
94424,"Saturday",7341001385,1,"COMM BREAD",3761
88461,"Friday",2800051720,1,"GROCERY DRY GOODS",2707
111060,"Monday",1820000243,1,"LIQUOR,WINE,BEER",108
166704,"Wednesday",5000056024,1,"GROCERY DRY GOODS",3306
186648,"Sunday",4017,1,"PRODUCE",1203
65046,"Monday",7874235188,1,"DAIRY",1508
152666,"Monday",89940700500,3,"DSD GROCERY",3460
119253,"Wednesday",2569590237,2,"BEDDING",6080
168299,"Thursday",4300020581,1,"GROCERY DRY GOODS",4306
28318,"Tuesday",68113111868,1,"FINANCIAL SERVICES",284
83818,"Thursday",7874207904,1,"PETS AND SUPPLIES",635
168104,"Thursday",7566910006,1,"GROCERY DRY GOODS",3000
132784,"Friday",,1,"PHARMACY RX",
101976,"Sunday",4470006957,2,"PRE PACKED DELI",7654
25131,"Monday",7577931110,1,"GROCERY DRY GOODS",4451
93689,"Saturday",4072,2,"PRODUCE",4170
179484,"Saturday",2840006399,1,"DSD GROCERY",7002
162549,"Wednesday",4011,1,"PRODUCE",5501
77211,"Wednesday",3250010281,1,"GROCERY DRY GOODS",4201
154426,"Monday",7445160318,1,"INFANT CONSUMABLE HARDLINES",526
69052,"Monday",7104113636,1,"DSD GROCERY",4754
102335,"Sunday",4067,1,"PRODUCE",8002
154582,"Monday",2265571584,1,"MEAT - FRESH & FROZEN",6158
112339,"Monday",70109134038,1,"FABRICS AND CRAFTS",7300
122856,"Wednesday",85649000052,1,"OFFICE SUPPLIES",3622
151223,"Monday",4650073332,1,"HOUSEHOLD CHEMICALS/SUPP",8910
187625,"Sunday",3100010102,1,"FROZEN FOODS",1903
146088,"Sunday",68113132886,-1,"PRODUCE",8205
98499,"Saturday",880632366753,1,"LADIESWEAR",848
119710,"Wednesday",81082102190,1,"LAWN AND GARDEN",138
129798,"Thursday",7874207069,1,"BAKERY",2001
152079,"Monday",22592200000,1,"MEAT - FRESH & FROZEN",1301
65654,"Monday",4850002151,1,"DAIRY",1402
59144,"Sunday",3700089713,1,"INFANT CONSUMABLE HARDLINES",225
13810,"Sunday",3663202730,1,"DAIRY",1450
131805,"Friday",4150000031,1,"GROCERY DRY GOODS",2302
66158,"Monday",7874237417,1,"DAIRY",7955
48961,"Friday",2840042177,1,"DSD GROCERY",9257
58290,"Sunday",3151,-1,"PRODUCE",7801
58960,"Sunday",20108800000,1,"SERVICE DELI",8014
170880,"Thursday",7794800902,1,"DSD GROCERY",7950
176961,"Friday",68113105208,1,"PERSONAL CARE",3186
67401,"Monday",7962507258,1,"PERSONAL CARE",4943
106545,"Sunday",60538802945,1,"IMPULSE MERCHANDISE",1001
154099,"Monday",3040077387,1,"HOUSEHOLD PAPER GOODS",3006
79417,"Wednesday",61300874038,1,"DSD GROCERY",4644
188630,"Sunday",1111106219,1,"PERSONAL CARE",4941
38971,"Thursday",8312000037,2,"LIQUOR,WINE,BEER",2000
39862,"Thursday",64541659404,3,"CELEBRATION",530
70240,"Tuesday",20154200000,1,"SERVICE DELI",8001
125012,"Thursday",60538871458,1,"DAIRY",9127
164037,"Wednesday",8087804228,-1,"PERSONAL CARE",5027
71170,"Tuesday",1280051252,1,"IMPULSE MERCHANDISE",914
5693,"Friday",85671800050,1,"SHOES",1346
100115,"Sunday",7516000352,1,"FABRICS AND CRAFTS",4107
102916,"Sunday",3400000007,1,"IMPULSE MERCHANDISE",145
41920,"Thursday",79347812590,-1,"HOME DECOR",1634
71236,"Tuesday",3663200260,1,"DAIRY",1360
36935,"Wednesday",7708941612,1,"PAINT AND ACCESSORIES",3504
82181,"Thursday",4119691116,1,"GROCERY DRY GOODS",3108
80933,"Wednesday",1478256138,1,"MENSWEAR",8514
2000,"Friday",6791452627,1,"IMPULSE MERCHANDISE",347
145309,"Sunday",2580002329,2,"FROZEN FOODS",1904
182610,"Saturday",88309614683,1,"MENSWEAR",5665
101954,"Sunday",73114973851,2,"SEAFOOD",1077
155018,"Monday",7065200750,1,"HOME MANAGEMENT",8900
87660,"Friday",88743955574,1,"MENSWEAR",1857
160275,"Tuesday",3400000480,1,"IMPULSE MERCHANDISE",115
137904,"Saturday",4011,1,"PRODUCE",5501
84772,"Thursday",68113179202,1,"AUTOMOTIVE",3150
143231,"Saturday",7456613133,1,"GROCERY DRY GOODS",4290
103328,"Sunday",7418226988,1,"PERSONAL CARE",4946
128529,"Thursday",7100754116,1,"SERVICE DELI",4005
158460,"Tuesday",4072,1,"PRODUCE",4170
139337,"Saturday",88741171730,1,"LADIESWEAR",9304
104606,"Sunday",79764240266,2,"MENSWEAR",3638
135228,"Friday",61791467319,1,"BRAS & SHAPEWEAR",2502
27214,"Tuesday",60693337030,1,"LAWN AND GARDEN",5610
6350,"Saturday",20272700000,1,"SERVICE DELI",4042
63772,"Monday",1700013213,1,"PERSONAL CARE",3155
178723,"Saturday",7410814423,1,"PERSONAL CARE",4504
47149,"Friday",7874208830,2,"HOUSEHOLD PAPER GOODS",5010
153760,"Monday",1305148149,1,"CELEBRATION",10
186383,"Sunday",1380093052,1,"FROZEN FOODS",4138
162261,"Wednesday",1450001098,1,"FROZEN FOODS",1750
38940,"Thursday",64541699039,1,"CELEBRATION",1805
54193,"Saturday",3700093157,1,"PERSONAL CARE",5414
134437,"Friday",4160800133,1,"PHARMACY OTC",4511
87744,"Friday",72654753137,2,"LADIESWEAR",354
131873,"Friday",1590000211,1,"PRE PACKED DELI",7502
